{
  "updated": "2025-11-01T04:00:00Z",
  "version": "2.0.0",
  "count": 15,
  "items": [
    {
      "threat_id": "1",
      "title": "Critical Zero-Day in Apache Struts Actively Exploited by APT28",
      "link": "https://example.com/threat1",
      "severity_score": 98,
      "riskScore": 98,
      "severity": "CRITICAL",
      "badges": ["CRITICAL-COMBO", "GOV-CONFIRMED", "MULTI-SOURCE", "APT-TARGETED"],
      "sources": ["CISA KEV", "Microsoft Security Blog", "Mandiant"],
      "sourceCount": 3,
      "govSourcesCount": 1,
      "first_seen": "2025-10-31T10:00:00Z",
      "last_seen": "2025-11-01T03:00:00Z",
      "pubDate": "2025-11-01T03:00:00Z",
      "tags": ["CVE-2025-1234", "ZERO-DAY", "KEV", "APT28", "EXPLOITED"],
      "trending": true,
      "zeroDay": true,
      "exploitedInTheWild": true
    },
    {
      "threat_id": "2",
      "title": "Ransomware Group Deploys New Variant Targeting Healthcare Sector",
      "link": "https://example.com/threat2",
      "severity_score": 95,
      "riskScore": 95,
      "severity": "CRITICAL",
      "badges": ["RANSOMWARE-CRITICAL", "MULTI-SOURCE", "TRENDING"],
      "sources": ["BleepingComputer", "The Record from Recorded Future News"],
      "sourceCount": 2,
      "first_seen": "2025-10-31T14:00:00Z",
      "pubDate": "2025-10-31T14:00:00Z",
      "tags": ["RANSOMWARE", "POC", "HEALTHCARE"],
      "ransomware": true,
      "pocAvailable": true,
      "relatedCount": 4
    },
    {
      "threat_id": "3",
      "title": "Microsoft Patches Critical RCE in Exchange Server",
      "link": "https://example.com/threat3",
      "severity_score": 92,
      "riskScore": 92,
      "severity": "CRITICAL",
      "badges": ["GOV-CONFIRMED", "MULTI-SOURCE"],
      "sources": ["Microsoft Security Blog", "CISA News", "Krebs on Security"],
      "sourceCount": 3,
      "govSourcesCount": 1,
      "first_seen": "2025-10-30T09:00:00Z",
      "pubDate": "2025-10-30T09:00:00Z",
      "tags": ["CVE-2025-5678", "RCE", "EXCHANGE"],
      "relatedCount": 2
    },
    {
      "threat_id": "4",
      "title": "New Phishing Campaign Targets Financial Institutions",
      "link": "https://example.com/threat4",
      "severity_score": 88,
      "riskScore": 88,
      "severity": "HIGH",
      "badges": ["TRENDING", "MULTI-SOURCE"],
      "sources": ["Cisco Talos Blog", "BleepingComputer"],
      "sourceCount": 2,
      "first_seen": "2025-10-31T16:00:00Z",
      "pubDate": "2025-10-31T16:00:00Z",
      "tags": ["PHISHING", "FINANCE"],
      "trending": true,
      "relatedCount": 3
    },
    {
      "threat_id": "5",
      "title": "Critical Vulnerability in Cisco IOS XE Web UI",
      "link": "https://example.com/threat5",
      "severity_score": 85,
      "riskScore": 85,
      "severity": "HIGH",
      "badges": ["KEV", "MULTI-SOURCE"],
      "sources": ["Cisco Talos Blog", "CISA KEV"],
      "sourceCount": 2,
      "govSourcesCount": 1,
      "first_seen": "2025-10-29T11:00:00Z",
      "pubDate": "2025-10-29T11:00:00Z",
      "tags": ["CVE-2025-9012", "KEV", "CISCO"],
      "exploitedInTheWild": true
    },
    {
      "threat_id": "6",
      "title": "APT41 Exploits VMware vCenter Vulnerability",
      "link": "https://example.com/threat6",
      "severity_score": 83,
      "riskScore": 83,
      "severity": "HIGH",
      "badges": ["APT-TARGETED", "GOV-CONFIRMED"],
      "sources": ["Mandiant", "NCSC UK"],
      "sourceCount": 2,
      "govSourcesCount": 1,
      "first_seen": "2025-10-30T13:00:00Z",
      "pubDate": "2025-10-30T13:00:00Z",
      "tags": ["CVE-2025-3456", "APT41", "VMWARE"]
    },
    {
      "threat_id": "7",
      "title": "Google Patches High-Severity Chrome Vulnerabilities",
      "link": "https://example.com/threat7",
      "severity_score": 78,
      "riskScore": 78,
      "severity": "HIGH",
      "badges": [],
      "sources": ["Threat Intelligence"],
      "sourceCount": 1,
      "first_seen": "2025-10-31T08:00:00Z",
      "pubDate": "2025-10-31T08:00:00Z",
      "tags": ["CVE-2025-7890", "CHROME", "GOOGLE"]
    },
    {
      "threat_id": "8",
      "title": "New Malware Strain Targets Linux Servers",
      "link": "https://example.com/threat8",
      "severity_score": 72,
      "riskScore": 72,
      "severity": "MEDIUM",
      "badges": ["TRENDING"],
      "sources": ["BleepingComputer"],
      "sourceCount": 1,
      "first_seen": "2025-10-31T12:00:00Z",
      "pubDate": "2025-10-31T12:00:00Z",
      "tags": ["MALWARE", "LINUX"],
      "trending": true,
      "relatedCount": 3
    },
    {
      "threat_id": "9",
      "title": "Critical SQL Injection in Popular WordPress Plugin",
      "link": "https://example.com/threat9",
      "severity_score": 68,
      "riskScore": 68,
      "severity": "MEDIUM",
      "badges": [],
      "sources": ["Krebs on Security"],
      "sourceCount": 1,
      "first_seen": "2025-10-30T15:00:00Z",
      "pubDate": "2025-10-30T15:00:00Z",
      "tags": ["CVE-2025-2345", "WORDPRESS", "SQL-INJECTION"]
    },
    {
      "threat_id": "10",
      "title": "Microsoft Defender Detects New Cryptomining Campaign",
      "link": "https://example.com/threat10",
      "severity_score": 65,
      "riskScore": 65,
      "severity": "MEDIUM",
      "badges": [],
      "sources": ["Microsoft Security Blog"],
      "sourceCount": 1,
      "first_seen": "2025-10-31T07:00:00Z",
      "pubDate": "2025-10-31T07:00:00Z",
      "tags": ["CRYPTOMINING", "MALWARE"]
    }
  ]
}
